null_state_start,1703348415.118573,null_state
null_state_end,1703348478.2229152,null_state
null_to_cold_process_start,1703348478.2598188,null_to_cold_process
null_to_cold_process_end,1703348488.1793568,null_to_cold_process
cold_state_start,1703348503.186163,cold_state
cold_state_end,1703348566.188663,cold_state
cold_to_null_process_start,1703348566.188668,cold_to_null_process
cold_to_null_process_end,1703348566.4530804,cold_to_null_process
warm_disk_state_start,1703348646.919273,warm_disk_state
warm_disk_state_end,1703348713.3378904,warm_disk_state
warm_disk_to_warm_CPU_process_start,1703348713.3778422,warm_disk_to_warm_CPU_process
warm_disk_to_warm_CPU_process_end,1703348719.1788564,warm_disk_to_warm_CPU_process
warm_CPU_state_start,1703348739.1955671,warm_CPU_state
warm_CPU_state_end,1703348814.5364528,warm_CPU_state
active_state_start,1703348845.60757,active_state
active_state_end,1703348917.6573777,active_state
warm_CPU_to_warm_disk_process_start,1703349220.8301916,warm_CPU_to_warm_disk_process
warm_CPU_to_warm_disk_process_end,1703349251.928283,warm_CPU_to_warm_disk_process
active_to_warm_disk_process_start,1703349276.683558,active_to_warm_disk_process
active_to_warm_disk_process_end,1703349309.9056065,active_to_warm_disk_process
